<?xml version="1.0" encoding="utf-8"?>
<extension type="module" client="site" version="3.0" method="upgrade">
    <name>K2 Categories</name>
    <author>@Javi_Mata</author>
    <creationDate>February 28th, 2016</creationDate>
    <copyright>Copyright (c) 2016 @Javi_Mata</copyright>
    <authorEmail>javimata@gmail.com</authorEmail>
    <authorUrl>www.javimata.com</authorUrl>
    <version>1.0.0</version>
    <license>http://www.gnu.org/licenses/gpl-2.0.html GNU/GPL</license>
    <description>Lista de Categorias K2</description>
    <files>
        <filename module="mod_k2_categories">mod_k2_categories.php</filename>
        <filename>helper.php</filename>
        <filename>index.html</filename>
        <folder>tmpl</folder>
    </files>
    <config>
        <fields name="params">
            <fieldset name="basic" addfieldpath="/administrator/components/com_k2/elements/">
                <field name="moduleclass_sfx" type="text" default="" label="Clase del modulo"/>
                <field name="getTemplate" type="moduletemplate" modulename="mod_k2_categories" default="Default" label="Template"/>

                <field name="" type="header" default="Selección de categorias" label="" description=""/>
                <field name="catfilter" type="radio" default="0" label="Filtrar categorias" description="">
                    <option value="0">K2_ALL</option>
                    <option value="1">K2_SELECT</option>
                </field>
                <field name="category_id" type="categoriesmultiple" default="" label="Selecciona categoria(s)"/>
                <field name="itemsOrdering" type="list" default="" label="Ordenar por" description="">
                    <option value="">K2_DEFAULT</option>
                    <option value="date">ID</option>
                    <option value="name">Nombre</option>
                    <option value="order">Orden</option>
                    <option value="rand">Aleatorio</option>
                </field>

                <field name="listType" type="list" default="boostrap" label="Tipo de lista">
                    <option value="">K2_DEFAULT</option>
                    <option value="ul">Listas (UL)</option>
                    <option value="div">Div</option>
                    <option value="bootstrap">Bootstrap</option>
                </field>

                <field name="itemCount" type="text" size="4" default="4" label="Muestra"/>
                <field name="colsCount" type="text" size="4" default="4" label="Columnas"/>


                <field name="" type="header" default="Configuración de muestra" label="" description=""/>

                <field name="itemTitle" type="list" default="1" label="Muestra titulo" description="">
                    <option value="1">JYES</option>
                    <option value="0">JNO</option>
                    <option value="2">Si, con enlace</option>
                </field>

                <field name="itemIntroText" type="radio" default="1" label="Muestra introtext" description="">
                    <option value="0">K2_HIDE</option>
                    <option value="1">K2_SHOW</option>
                </field>

                <field name="itemImgShow" type="radio" default="1" label="Muestra imagen" description="">
                    <option value="0">K2_HIDE</option>
                    <option value="1">K2_SHOW</option>
                </field>

                <field name="itemImgSize" type="list" default="Small" label="Tamaño imagen" description="">
                    <option value="XSmall">K2_XSMALL</option>
                    <option value="Small">K2_SMALL</option>
                    <option value="Medium">K2_MEDIUM</option>
                    <option value="Large">K2_LARGE</option>
                    <option value="XLarge">K2_XLARGE</option>
                </field>

                <field name="itemReadMore" type="radio" default="1" label="Read more">
                    <option value="0">K2_HIDE</option>
                    <option value="1">K2_SHOW</option>
                </field>

            </fieldset>
        </fields>
    </config>
</extension>